{"cameraMode":{"drawMode":0,"name":"Shaded","section":"Shading Mode"},"sceneLighting":true,"audioPlay":false,"sceneViewState":{"m_AlwaysRefresh":false,"showFog":true,"showSkybox":true,"showFlares":true,"showImageEffects":true,"showParticleSystems":true,"showVisualEffectGraphs":true,"m_FxEnabled":true},"in2DMode":false,"pivot":{"x":2.106823444366455,"y":5.3183746337890629,"z":-2.3496313095092775},"rotation":{"x":-0.21324430406093598,"y":0.16299845278263093,"z":-0.03602252155542374,"w":-0.9624632000923157},"size":1.1785410642623902,"orthographic":false}